{
  "employees": [
    {
      "id": 3,
      "name": "John",
      "gender": "Male",
      "contactPreference": "Phone",
      "phoneNumber": 5432978640,
      "dateOfBirth": "1976/3/25",
      "department": "3",
      "isActive": false,
      "photoPath": "assets/images/john.png"
    },
    {
      "id": 5,
      "name": "Test",
      "gender": "Female",
      "email": "",
      "phoneNumber": "03472454893",
      "contactPreference": "Phone",
      "dateOfBirth": "2018-12-15T19:00:00.000Z",
      "department": "1",
      "isActive": true,
      "photoPath": "assets/images/mark.png"
    }
  ]
}